,npi
16904,1164515003
20698,1528088325
23816,1598714784
33226,1104898634
43578,1336246487
47843,1104898634
63511,1598714784
79745,1598714784
80634,1598718520
91160,1215941349
96739,1770542151
102337,1396744892
103019,1285725051
105549,1891803318
107134,1841322104
110065,1396744892
111053,1285663682
122672,1730231259
145862,1053360966
158088,1487629796
170048,1841322104
173721,1164436960
176398,1225111933
200249,1902916984
210411,1528088325
212984,1396744892
235491,1386670461
241935,1134280779
255727,1639363161
259583,1245210764
261754,1598714784
262304,1013009729
264012,1982609723
265637,1528093184
271425,1053486704
280150,1902874456
287460,1164515003
288155,1164436960
294209,1891803318
299996,1598714784
301839,1891803318
307404,1902916984
309795,1639395395
324949,1487889036
326973,1164515003
328377,1417008756
330981,1639395395
332248,1336186600
352290,1104898634
357105,1053360966
357384,1770542151
370258,1598714784
376388,1790785277
393940,1164515003
408686,1730231259
411897,1396744892
418523,1902916984
425517,1982609723
429184,1245210764
438210,1598714784
450755,1104898634
454023,1376550442
463897,1891803318
464461,1528088325
471873,1346207776
473538,1891803318
477013,1891803318
479553,1982609723
480523,1073511192
487576,1902916984
492975,1245210764
493159,1598714784
493832,1376550442
501018,1336186600
505034,1164515003
513225,1841322104
514653,1245210764
515766,1538237482
521140,1134280779
523982,1902916984
532556,1598714784
536375,1346207776
561301,1033126651
562299,1134280779
569412,1164515003
575743,1598714784
585952,1396744892
587372,1053486704
589056,1639395395
589988,1336186600
603015,1891803318
614376,1891803318
616409,1396744892
633841,1053360966
634185,1245210764
636192,1376550442
647854,1164515003
649307,1336186600
661556,1598714784
666792,1417008756
669975,1528088325
670674,1770542151
671177,1336186600
674339,1598714784
690596,1598714784
701033,1013009729
704119,1891803318
712277,1417008756
717987,1386670461
728354,1164436960
732155,1396744892
736239,1720101900
738495,1952395881
741369,1164515003
746772,1841322104
750704,1891803318
758014,1891803318
758546,1598718520
764404,1164436960
788803,1770542151
791933,1598714784
798689,1386670461
802098,1013009729
815604,1598714784
828801,1528088325
830800,1639395395
834113,1598718520
838566,1841322104
850330,1013009729
865904,1538237482
867454,1598714784
870074,1386670461
878156,1164436960
883566,1104898634
902577,1417008756
904331,1134280779
905436,1306895578
915101,1285725051
924343,1770542151
931649,1285663682
931766,1386670461
939505,1346207776
939929,1770542151
945241,1902916984
947164,1376550442
949801,1962594895
952224,1982609723
956306,1538237482
957871,1467474882
963108,1164436960
964708,1467519124
969567,1972554228
972760,1891803318
980594,1003892746
982077,1346345071
985816,1891803318
985920,1639395395
988384,1245210764
988405,1902916984
989902,1285663682
1003938,1598714784
1007510,1902916984
1008001,1598714784
1018783,1831339902
1027159,1770542151
1049337,1417008756
1052442,1497745905
1055875,1215941349
1056172,1336186600
1065822,1164436960
1073709,1336186600
1077550,1104898634
1092876,1164436960
1106188,1205023512
1111068,1598714784
1111508,1467519124
1112578,1538237482
1130327,1770542151
1140231,1902916984
1142955,1053360966
1146227,1386670461
1151117,1164515003
1151905,1245210764
1158225,1598714784
1160823,1104898634
1170174,1386670461
1174935,1053360966
1179782,1467474882
1183243,1104898634
1195398,1881615268
1205655,1376550442
1206924,1285663682
1217144,1467519124
1223454,1770542151
1226044,1013009729
1229614,1962594895
1232020,1134280779
1235442,1104898634
1236575,1598714784
1247630,1902916984
1253140,1164436960
1261663,1639395395
1267024,1417008756
1292360,1053360966
1293509,1922005321
1306581,1467519124
1310260,1417008756
1319015,1093726556
1327933,1386670461
1331960,1598714784
1332251,1720101900
1340167,1386670461
1342710,1295705291
1350382,1417008756
1358947,1396744892
1360537,1538237482
1363388,1770542151
1364783,1972554228
1380361,1467519124
1385482,1447327952
1391233,1164436960
1397583,1396744892
1401514,1245210764
1402926,1013009729
1405380,1902916984
1406932,1013009729
1420870,1164436960
1423454,1013009729
1426851,1134280779
1429121,1891803318
1431628,1598714784
1440704,1528088325
1443724,1053486704
1448065,1598714784
1460734,1467474882
1471135,1053360966
1473642,1164436960
1475208,1487629796
1482766,1285663682
1489883,1841322104
1490675,1467474882
1497934,1417008756
1504487,1841322104
1548891,1902916984
1566260,1285725051
1573184,1548441058
1576179,1770542151
1576832,1134280779
1615515,1467519124
1630048,1417008756
1630344,1164436960
1642879,1679749188
1648429,1841322104
1657158,1841322104
1658012,1902916984
1665378,1336186600
1669539,1003892746
1670307,1164515003
1682352,1104898634
1694564,1982609723
1697010,1538237482
1699138,1770542151
1702250,1285725051
1706650,1598714784
1734851,1013009729
1745833,1417008756
1755916,1164436960
1756912,1053360966
1761557,1770542151
1762263,1598718520
1800125,1386670461
1802517,1235211095
1818244,1467474882
1829356,1770542151
1836571,1487629796
1837229,1235200775
1843158,1164515003
1844256,1215941349
1882900,1316073455
1883502,1336186600
1894152,1134280779
1905896,1598714784
1917079,1093726556
1921928,1275748675
1931419,1639395395
1950708,1386670461
1955710,1891803318
1962380,1285725051
1963861,1639395395
1970881,1417008756
1981374,1639395395
1994689,1720101900
2001029,1598714784
2011951,1053360966
2020354,1467474882
2032352,1417008756
2036391,1134280779
2038753,1104898634
2050527,1720101900
2065490,1013009729
2077961,1003892746
2079718,1598714784
2079783,1164515003
2098860,1891803318
2102428,1306906854
2111468,1598714784
2117456,1841322104
2122004,1376550442
2123684,1336186600
2144819,1104898634
2155129,1891803318
2160275,1598714784
2163023,1891803318
2163700,1104898634
2169736,1891803318
2177350,1598714784
2177376,1497745905
2178601,1376550442
2185832,1841322104
2194726,1891803318
2198121,1164436960
2202316,1104898634
2218709,1417008756
2221922,1497749089
2224558,1215941349
2229606,1598714784
2231461,1831339902
2235545,1891803318
2244580,1073511192
2245073,1336186600
2249041,1336186600
2256785,1639395395
2278291,1164436960
2284002,1487629796
2290112,1164515003
2297812,1528093184
2303698,1285725051
2304060,1376550442
2332318,1104898634
2334225,1841322104
2349834,1104898634
2352412,1164436960
2354329,1730231259
2355690,1891803318
2356076,1902916984
2364441,1598714784
2375217,1013009729
2392930,1487629796
2405463,1598714784
2409497,1891803318
2425211,1770542151
2428549,1164515003
2430208,1720101900
2434278,1215941349
2442415,1386670461
2444887,1982609723
2449804,1003892746
2455859,1104898634
2458426,1770542151
2470103,1467474882
2488608,1770542151
2490385,1003892746
2494040,1598714784
2501754,1831339902
2502859,1891803318
2513493,1164436960
2520054,1346207776
2522079,1003892746
2526733,1972554228
2529126,1417008756
2539016,1285663682
2542504,1972554228
2554244,1487629796
2556844,1891803318
2561282,1821037094
2563604,1598714784
2569379,1528390259
2571376,1013009729
2575407,1417008756
2585300,1598714784
2590240,1013009729
2590608,1982609723
2613581,1598714784
2622406,1386670461
2626614,1770542151
2629596,1285663682
2639608,1487629796
2646367,1013009729
2651702,1164436960
2654189,1417008756
2659062,1891803318
2666577,1417008756
2678786,1891803318
2691063,1467519124
2692589,1003892746
2700114,1881782373
2749382,1639395395
2761255,1013009729
2769657,1417008756
2771867,1285663682
2772249,1164515003
2780088,1467474882
2783941,1235200775
2785400,1891803318
2808582,1598718520
2814207,1104898634
2816539,1770542151
2827740,1770542151
2828846,1598718520
2832953,1104898634
2839146,1639395395
2840083,1386670461
2844447,1164436960
2854456,1376550442
2855745,1487889036
2876661,1538237482
2905413,1134280779
2909020,1396744892
2921622,1891803318
2923223,1417008756
2925115,1245210764
2939255,1295705291
2944835,1164436960
2951232,1285663682
2957360,1053360966
2957390,1134280779
2960730,1831339902
2972530,1548441058
2975565,1386670461
2976583,1285663682
2977946,1134280779
2984329,1336186600
2995200,1538237482
3015371,1386670461
3026769,1962594895
3028660,1346207776
3030795,1386670461
3044741,1528390259
3049929,1891803318
3057190,1053360966
3062171,1104898634
3080934,1891803318
3091318,1891803318
3097063,1285663682
3102905,1053360966
3105185,1215941349
3108641,1902916984
3114444,1982609723
3120421,1154471621
3121725,1053360966
3123423,1225111933
3128676,1982609723
3131617,1336186600
3138869,1639395395
3141131,1972554228
3153163,1497745905
3176963,1013009729
3187853,1164515003
3189644,1770542151
3194550,1598714784
3207659,1982609723
3208438,1134280779
3218054,1467519124
3226461,1497745905
3238071,1104898634
3246278,1285725051
3263750,1891803318
3264944,1467519124
3272186,1396744892
3277251,1902874456
3278640,1902916984
3285180,1730231259
3292540,1902916984
3303632,1770542151
3311407,1346207776
3322150,1497745905
3322536,1164515003
3333065,1972554228
3340612,1841322104
3346923,1134280779
3349510,1598714784
3351288,1346207776
3351777,1598714784
3351932,1013009729
3352374,1396744892
3354091,1487629796
3355029,1306867742
3387970,1386670461
3395364,1891803318
3403039,1346207776
3404611,1902916984
3410515,1770542151
3416515,1730231259
3426883,1053360966
3447042,1053486704
3448463,1770542151
3477891,1548441058
3480367,1104898634
3491895,1376550442
3499140,1386670461
3504817,1417008756
3515749,1528088325
3521454,1497745905
3525876,1134280779
3527469,1306906854
3529796,1164515003
3531942,1487629796
3535802,1184727745
3541455,1164436960
3553311,1366564122
3558469,1982609723
3562755,1386670461
3563132,1982609723
3565395,1346207776
3567418,1821037094
3575037,1386670461
3595883,1003892746
3598222,1902916984
3604451,1467519124
3606199,1053360966
3613971,1245210764
3625501,1497745905
3630557,1639395395
3640854,1770542151
3645996,1770542151
3650723,1164436960
3660985,1417008756
3661739,1386670461
3667667,1891803318
3692351,1255452454
3695122,1528088325
3697046,1285725051
3707479,1598714784
3718120,1417008756
3720544,1417008756
3721474,1891803318
3722273,1285663682
3729142,1598718520
3731158,1841322104
3738394,1902916984
3738516,1770542151
3746476,1598718520
3758223,1891803318
3767086,1598714784
3767733,1164436960
3783017,1285663682
3794172,1417008756
3796394,1346207776
3796496,1598718520
3810882,1891803318
3814387,1538237482
3815070,1598714784
3815118,1598714784
3815480,1033126651
3816267,1013009729
3817804,1396744892
3829629,1902874456
3845152,1528088325
3846315,1316073455
3851808,1891803318
3858958,1306906854
3867682,1417008756
3873345,1598714784
3873558,1184727745
3876936,1972554228
3880432,1841322104
3884746,1598714784
3888460,1104898634
3888593,1386670461
3891731,1053360966
3893991,1285663682
3903874,1598718520
3903984,1891803318
3907654,1598714784
3912800,1053360966
3932634,1316073455
3944343,1164436960
3951373,1639395395
3958488,1164436960
3964963,1013009729
3967286,1972554228
3975628,1285663682
3978019,1245210764
3981481,1891803318
3982268,1487629796
3986547,1366564122
3986754,1336246487
3988189,1104898634
3991946,1972554228
4007896,1598718520
4019120,1598714784
4019720,1376550442
4031197,1336186600
4041165,1891803318
4041248,1922005321
4042033,1346207776
4044498,1013009729
4045707,1285663682
4050285,1902916984
4054574,1497745905
4073302,1013009729
4074002,1720101900
4074854,1164515003
4076789,1093726556
4095083,1639395395
4103598,1417008756
4114831,1164515003
4134521,1770542151
4139424,1639395395
4141188,1881782373
4142845,1598714784
4143860,1528088325
4161947,1154471621
4163004,1336186600
4167208,1538237482
4178496,1053486704
4181737,1467474882
4186469,1467474882
4187705,1720101900
4205680,1003892746
4212170,1396744892
4223279,1598714784
4223528,1528088325
4226049,1467474882
4227324,1104898634
4228428,1013009729
4231858,1003892746
4236743,1104898634
4247800,1952395881
4247857,1316073455
4251643,1164515003
4252125,1336186600
4260655,1972554228
4265328,1396744892
4274724,1285663682
4292054,1497745905
4295428,1770542151
4313351,1770542151
4315199,1336186600
4315505,1598714784
4317440,1770542151
4325018,1033126651
4327259,1285663682
4342678,1285663682
4342867,1164436960
4343296,1598714784
4344067,1902874456
4352075,1841322104
4352172,1417008756
4361805,1285725051
4362181,1487889036
4367046,1538237482
4369203,1467474882
4370904,1770542151
4370949,1598714784
4370977,1316073455
4374399,1821037094
4379704,1376550442
4386213,1902916984
4390020,1285663682
4393203,1164436960
4400602,1053486704
4401700,1235200775
4409511,1891803318
4436202,1598714784
4449259,1346207776
4450475,1902916984
4455594,1285725051
4457847,1497745905
4462598,1982609723
4473582,1528088325
4478111,1982609723
4493969,1336186600
4509546,1730231259
4525585,1164515003
4531459,1598714784
4531680,1598714784
4540917,1417008756
4541716,1013009729
4564337,1720101900
4564448,1497745905
4564602,1205023512
4570063,1528088325
4597598,1285725051
4600711,1134280779
4601247,1770542151
4609046,1104898634
4616838,1962594895
4621627,1013009729
4626046,1770542151
4626096,1336186600
4629037,1467474882
4629481,1598714784
4630258,1316073455
4631316,1902916984
4642205,1891803318
4660936,1225111933
4668104,1053486704
4669136,1336186600
4679600,1053360966
4688146,1902916984
4702688,1336186600
4711197,1386670461
4722913,1164436960
4728765,1245210764
4759546,1245210764
4774686,1972554228
4780107,1285663682
4789360,1982609723
4793248,1891803318
4798551,1891803318
4804781,1417008756
4806372,1104898634
4809314,1013009729
4810561,1962594895
4821547,1346207776
4833051,1053360966
4834769,1639395395
4836677,1346207776
4842275,1376550442
4848743,1053360966
4858793,1205023512
4863010,1528088325
4868255,1285663682
4880550,1598714784
4887226,1720101900
4887242,1134280779
4896392,1134280779
4900466,1467474882
4914038,1841322104
4914782,1093726556
4915506,1639395395
4920523,1902916984
4921881,1730231259
4931046,1982609723
4931152,1902916984
4936684,1184727745
4941748,1285663682
4943915,1336186600
4957390,1285663682
4972072,1013009729
4972125,1982609723
4985267,1164515003
4988012,1841322104
4993842,1053360966
4994407,1598718520
4994693,1770542151
4995525,1891803318
5001426,1033126651
5004721,1003892746
5005864,1972554228
5028411,1538237482
5033978,1891803318
5038555,1770542151
5039230,1164436960
5045745,1093726556
5050007,1235200775
5059780,1720155419
5068261,1245210764
5069895,1336186600
5073826,1104898634
5075713,1013999002
5078107,1528088325
5080219,1538237482
5081367,1104898634
5086352,1417008756
5099989,1598714784
5105018,1598714784
5105813,1467474882
5113229,1891803318
5114349,1285663682
5119366,1134280779
5125847,1689605818
5127362,1336186600
5128855,1043219454
5147618,1104898634
5149504,1598714784
5155242,1467519124
5155650,1962594895
5155807,1770542151
5160847,1467474882
5169548,1598714784
5169604,1013009729
5179045,1053360966
5182773,1417008756
5185217,1639395395
5194690,1053360966
5206371,1528088325
5207896,1053360966
5211722,1598714784
5217088,1720101900
5227593,1134280779
5232371,1447327952
5232638,1164436960
5249904,1487629796
5251041,1285663682
5252745,1891803318
5266043,1285725051
5278503,1902916984
5283892,1891803318
5296197,1982609723
5305745,1013009729
5307472,1497745905
5311056,1417008756
5314028,1598714784
5322563,1467474882
5324202,1295705291
5324234,1104898634
5328738,1467474882
5336505,1184785354
5338644,1073511192
5341690,1245210764
5343593,1538237482
5344268,1972554228
5346801,1205023512
5347039,1538237482
5350776,1346207776
5355509,1467519124
5373666,1164436960
5374782,1093726556
5384237,1376550442
5384938,1841322104
5386637,1841322104
5415209,1841322104
5423271,1093726556
5429402,1376550442
5438006,1376550442
5441388,1053486704
5450116,1184727745
5454602,1598714784
5459417,1891803318
5460409,1417008756
5462048,1053486704
5462896,1770542151
5471877,1386670461
5487019,1598110710
5499808,1013009729
5500784,1386670461
5506660,1336186600
5531800,1053360966
5539185,1720101900
5539247,1245210764
5544898,1770542151
5554361,1417008756
5557686,1184727745
5557890,1730231259
5568936,1720101900
5573132,1386670461
5576268,1598714784
5584644,1952395881
5590413,1104898634
5591086,1841322104
5593807,1053486704
5599644,1598714784
5600240,1982609723
5606509,1891803318
5610702,1417008756
5615194,1770542151
5618447,1902916984
5627953,1053360966
5633847,1467474882
5640988,1598714784
5650331,1598718520
5651316,1467474882
5653619,1891803318
5654862,1538237482
5677572,1285663682
5680454,1417008756
5686571,1225111933
5704467,1598714784
5711684,1922005321
5715401,1902916984
5716047,1396744892
5743343,1417008756
5743456,1003892746
5745783,1346207776
5755833,1730231259
5757820,1972554228
5764099,1346207776
5768330,1013009729
5768805,1982609723
5769859,1164515003
5772960,1528088325
5778375,1770542151
5780476,1487629796
5784637,1346207776
5787054,1245210764
5787737,1881615268
5796738,1003892746
5799177,1134280779
5799535,1336186600
5800818,1184785354
5815259,1164436960
5817292,1598714784
5826721,1841322104
5832002,1902874456
5838299,1841322104
5842350,1831339902
5843256,1346345071
5843369,1316073455
5864573,1528088325
5865480,1982609723
5870090,1902874456
5872394,1164436960
5876090,1417008756
5881479,1205023512
5886194,1053360966
5887642,1346207776
5887847,1053486704
5888851,1598714784
5891827,1235211095
5897700,1417008756
5906739,1255452454
5907019,1285663682
5910909,1285663682
5911180,1003892746
5912062,1972554228
5916862,1134280779
5919905,1902916984
5922352,1003892746
5923909,1285663682
5928510,1770542151
5932985,1346207776
5936017,1386670461
5936280,1902916984
5959251,1396744892
5966622,1598714784
5986093,1417008756
5988835,1164515003
6001627,1902916984
6008674,1730231259
6016608,1386670461
6016654,1245210764
6026904,1346207776
6028321,1386670461
6028751,1396744892
6032258,1417008756
6047751,1417008756
6048735,1053360966
6067082,1831339902
6079771,1386670461
6086017,1598714784
6097525,1497745905
6099320,1417008756
6099955,1386670461
6101971,1639395395
6106856,1487629796
6121171,1104898634
6124485,1336186600
6133585,1134280779
6145698,1972554228
6146876,1104898634
6151401,1164436960
6158839,1902916984
6181222,1417008756
6183902,1104898634
6187846,1417008756
6194656,1164436960
6199928,1891803318
6205483,1730231259
6205848,1245210764
6206543,1053360966
6207239,1902874456
6222352,1891803318
6226477,1598718520
6227881,1376550442
6236975,1972554228
6241345,1841322104
6243133,1164436960
6247405,1891803318
6256973,1053360966
6261563,1598714784
6261851,1215941349
6272410,1285725051
6297097,1467474882
6299519,1336186600
6307163,1952395881
6313489,1417008756
6330510,1013009729
6333238,1003892746
6334630,1891803318
6334864,1386670461
6336002,1417008756
6336040,1902916984
6339006,1346207776
6340551,1013226497
6344144,1770542151
6352755,1467519124
6352974,1104898634
6355863,1245210764
6366367,1831339902
6372347,1972554228
6373565,1285725051
6374676,1598714784
6378964,1417008756
6404707,1730231259
6414135,1184785354
6416992,1104898634
6418036,1770542151
6423588,1598714784
6423670,1467519124
6427927,1164436960
6438155,1134280779
6440710,1770542151
6443096,1972554228
6443911,1285663682
6444406,1285663682
6447102,1346207776
6451050,1245210764
6451543,1295705291
6465865,1891803318
6466031,1285663682
6466763,1285663682
6469528,1033126651
6470500,1982609723
6471346,1902874456
6479827,1417008756
6492530,1164436960
6494582,1104898634
6497239,1841322104
6502554,1497745905
6504835,1033126651
6506220,1720101900
6506920,1639395395
6519692,1730231259
6523084,1396744892
6535685,1598714784
6548768,1902916984
6550896,1346207776
6554193,1770542151
6560416,1104898634
6561616,1902874456
6565685,1902874456
6567163,1598718520
6582540,1285663682
6605937,1104898634
6612362,1538237482
6622844,1639395395
6625143,1164436960
6628474,1417008756
6630314,1417008756
6639537,1902916984
6644570,1285663682
6655582,1598714784
6670368,1164515003
6691524,1053360966
6697978,1598714784
6703804,1104898634
6705809,1386670461
6706486,1841322104
6719760,1528088325
6728154,1306906854
6732205,1053360966
6736651,1013009729
6741266,1689605818
6749016,1720101900
6756252,1295705291
6759475,1134280779
6763634,1902916984
6782452,1013009729
6798360,1467519124
6799998,1184727745
6815770,1598714784
6816234,1053360966
6823549,1639395395
6836062,1235200775
6842023,1770542151
6842957,1376550442
6845799,1386670461
6848089,1902916984
6854413,1417008756
6862508,1972554228
6862911,1972554228
6883750,1053360966
6896155,1013009729
6899654,1346207776
6908576,1902916984
6908730,1902916984
6922630,1164436960
6934573,1053360966
6935189,1386670461
6936898,1841322104
6939622,1528088325
6941000,1902916984
6947856,1285725051
6953407,1528088325
6955200,1538237482
6959999,1770542151
6963739,1235200775
6971078,1770542151
6973865,1639395395
6976630,1104898634
6976691,1417008756
6978521,1982609723
6982262,1053360966
6982790,1346207776
6985403,1285663682
6993961,1841322104
6994174,1053360966
6998325,1336246487
6999843,1528088325
7000951,1134280779
7004045,1346207776
7009185,1598714784
7010162,1104898634
7012215,1053486704
7024243,1770542151
7029473,1598714784
7033470,1164515003
7036862,1902916984
7037769,1245210764
7053029,1003892746
7054553,1891803318
7058294,1720101900
7064502,1538237482
7074209,1972554228
7084225,1215941349
7084796,1972554228
7087201,1336186600
7090945,1598714784
7094060,1013009729
7100013,1013009729
7110662,1891803318
7123197,1598714784
7132904,1053360966
7136019,1013009729
7154594,1336186600
7155514,1104898634
7159285,1881615268
7161633,1487629796
7165342,1902916984
7165601,1538237482
7166348,1598714784
7172109,1891803318
7197203,1164515003
7203369,1982609723
7219857,1902916984
7227356,1538237482
7229975,1538237482
7230030,1891803318
7248481,1013009729
7249550,1417008756
7251185,1770542151
7251530,1164436960
7274934,1104898634
7278072,1497745905
7282058,1346345071
7287104,1053360966
7290191,1417008756
7292628,1982609723
7294883,1417008756
7302274,1417008756
7305815,1386670461
7324437,1598714784
7325271,1639395395
7335190,1902916984
7354326,1972554228
7365236,1013009729
7366330,1598714784
7375697,1215941349
7378889,1902916984
7380299,1346345071
7380923,1538237482
7385404,1962594895
7392948,1902916984
7403901,1205023512
7404800,1881615268
7427902,1134280779
7430816,1902916984
7462687,1528390259
7466842,1467519124
7469498,1225111933
7490040,1053360966
7491960,1053360966
7503310,1285725051
7516342,1376550442
7522622,1104898634
7532318,1164436960
7539434,1598714784
7553806,1346207776
7561973,1386670461
7564661,1134280779
7568661,1346207776
7570128,1902916984
7574896,1093726556
7576900,1295705291
7578478,1417008756
7581427,1033126651
7581908,1598714784
7582657,1902916984
7610446,1881615268
7623703,1972554228
7626447,1770542151
7634206,1598714784
7643223,1275773046
7655878,1770542151
7664336,1891803318
7665950,1598714784
7669150,1598714784
7682681,1891803318
7719773,1902143605
7721819,1891803318
7723736,1386670461
7728000,1891803318
7734032,1285663682
7749183,1285663682
7749570,1598714784
7750031,1417008756
7755897,1285725051
7764103,1598714784
7767646,1922005321
7776883,1285725051
7795910,1053360966
7796258,1982609723
7798379,1972554228
7808549,1164436960
7809609,1487629796
7810666,1841322104
7815785,1013009729
7817578,1730231259
7822616,1770542151
7825637,1164515003
7844651,1164436960
7847793,1952395881
7851216,1346207776
7853002,1730231259
7860547,1639395395
7884104,1164436960
7884510,1013009729
7888281,1902916984
7889262,1164515003
7893927,1164515003
7894687,1487629796
7896245,1902916984
7903954,1285663682
7910604,1013009729
7912446,1285663682
7917465,1598714784
7919606,1053360966
7922305,1336186600
7928450,1164436960
7938553,1033126651
7942695,1417008756
7945880,1285725051
7959374,1417008756
7964490,1013009729
7969283,1164436960
7971813,1346207776
7973670,1891803318
7977148,1598714784
7983060,1720101900
7984076,1386670461
7988743,1285663682
7993967,1639395395
8000883,1598714784
8011386,1104898634
8016980,1134280779
8020067,1386670461
8022168,1538237482
8025895,1487629796
8036001,1598714784
8037232,1902874456
8037490,1205023512
8038295,1104898634
8043753,1346207776
8056776,1891803318
8061946,1891803318
8062415,1134280779
8063117,1164515003
8086363,1447327952
8093579,1770542151
8097102,1164436960
8097876,1730231259
8103931,1972554228
8109209,1215941349
8126829,1396744892
8130401,1598714784
8139511,1285725051
8145071,1104898634
8146730,1902916984
8150399,1164436960
8152472,1598714784
8153960,1467519124
8155666,1134280779
8162567,1417008756
8175584,1316073455
8186224,1285663682
8188284,1285663682
8194489,1891803318
8200620,1164436960
8213082,1598714784
8222389,1598714784
8230305,1417008756
8246440,1346207776
8248698,1770542151
8249069,1245210764
8249408,1417008756
8262916,1346207776
8274632,1003892746
8279718,1972554228
8283241,1891803318
8286923,1336246487
8303696,1841322104
8303698,1164515003
8310322,1548441058
8325592,1831149087
8329512,1386670461
8348045,1053360966
8350723,1881615268
8351892,1205023512
8354235,1285663682
8354880,1598714784
8356870,1891803318
8364261,1770542151
8366091,1376550442
8367366,1548441058
8386775,1164515003
8407175,1902916984
8412370,1598714784
8417204,1902916984
8419211,1164436960
8421158,1164515003
8423115,1770542151
8423956,1285663682
8433196,1164436960
8440745,1598714784
8446781,1881615268
8446892,1538237482
8447076,1770542151
8448747,1104898634
8449181,1598714784
8455006,1396744892
8456327,1164436960
8476831,1346207776
8477740,1891803318
8489413,1376550442
8496504,1336186600
8500958,1902916984
8518879,1386670461
8521567,1528088325
8523464,1598718520
8528754,1033126651
8530303,1598714784
8531576,1891803318
8536396,1639395395
8543758,1134280779
8547509,1346207776
8548236,1235200775
8548361,1164515003
8550184,1285663682
8550419,1538237482
8556330,1841322104
8563536,1285663682
8572163,1790785277
8583963,1831339902
8591863,1164436960
8609554,1053360966
8610138,1235200775
8629789,1952395881
8653140,1902916984
8667235,1881615268
8667369,1881615268
8673913,1346207776
8674689,1386670461
8681212,1134280779
8685851,1184785354
8690868,1770542151
8700288,1497745905
8720149,1013009729
8741240,1770542151
8750827,1891803318
8756924,1902916984
8757916,1487629796
8761781,1164436960
8762367,1417008756
8762697,1902916984
8766293,1386670461
8773044,1033277322
8774359,1295705291
8775621,1891803318
8782586,1821037094
8786828,1346207776
8795779,1598714784
8796232,1417008756
8807119,1417008756
8808158,1346207776
8811758,1386670461
8813270,1841322104
8817147,1902874456
8827154,1386670461
8829239,1841322104
8832329,1841322104
8837878,1417008756
8846560,1902916984
8852094,1285725051
8878315,1285663682
8878987,1104898634
8879556,1104898634
8886143,1396744892
8886592,1336186600
8889242,1497745905
8891372,1346345071
8892534,1164436960
8894779,1013009729
8901651,1841322104
8915098,1962594895
8918233,1891803318
8929877,1245210764
8934252,1770542151
8939807,1982609723
8950793,1053360966
8957014,1417008756
8960606,1417008756
8962399,1164436960
8963318,1285725051
8964557,1386670461
8967082,1528088325
8970609,1285663682
8973633,1497745905
8987659,1598714784
8990760,1184727745
9000910,1285725051
9008183,1639395395
9015579,1326218959
9022865,1962594895
9028407,1104898634
9053517,1053360966
9057390,1962594895
9058888,1134280779
9066163,1487629796
9071576,1841322104
9084081,1831339902
9086510,1902916984
9090279,1285725051
9107490,1053360966
9113790,1891803318
9114852,1184727745
9117004,1598718520
9124152,1467474882
9126095,1770542151
9128869,1396744892
9140222,1235200775
9146043,1417008756
9147979,1528088325
9155272,1770542151
9159444,1548441058
9169868,1841322104
9177585,1598714784
9181209,1467474882
9181684,1417008756
9182210,1922005321
9187879,1285725051
9193404,1467474882
9196353,1164515003
9197993,1639395395
9209940,1598714784
9220776,1487629796
9238637,1285725051
9245553,1336186600
9271559,1386670461
9280829,1497745905
9307695,1134280779
9314418,1770542151
9322089,1487629796
9356525,1417008756
9357519,1902916984
9367413,1053360966
9368023,1598714784
9391072,1841322104
9392092,1285663682
9402095,1598714784
9402272,1881615268
9407676,1346207776
9408233,1336186600
9417720,1164436960
9418436,1104898634
9420406,1134280779
9422747,1528088325
9423738,1902874456
9460248,1891803318
9461385,1285725051
9462320,1285725051
9465688,1053360966
9478718,1841322104
9490344,1972554228
9490918,1053486704
9493487,1285663682
9495124,1891803318
9496197,1770542151
9498260,1902916984
9502946,1336186600
9515844,1285663682
9522395,1891803318
9540443,1104898634
9541687,1053360966
9541900,1164436960
9543894,1013009729
9548089,1336186600
9557387,1598714784
9560421,1285663682
9573529,1770542151
9585943,1164436960
9594972,1528093184
9602131,1417008756
9612029,1598714784
9619185,1598718520
9644829,1891803318
9646459,1447327952
9648726,1053360966
9653805,1467474882
9679069,1841322104
9685683,1972554228
9690260,1902916984
9692001,1598714784
9694792,1245210764
9703080,1598718520
9708241,1598718520
9712970,1104898634
9714096,1346207776
9715323,1891803318
9725813,1235200775
9728991,1134280779
9743101,1902916984
9765453,1285725051
9770414,1841322104
9770692,1598714784
9776922,1891803318
9784722,1598714784
9789140,1972554228
9793085,1306906854
9798018,1275773046
9806564,1104898634
9810509,1396744892
9815577,1598718520
9824153,1720101900
9843059,1134280779
9843511,1104898634
9844836,1164436960
9858493,1689605818
9860838,1104898634
9861314,1013009729
9864842,1164436960
9875517,1235200775
9885761,1003892746
9887483,1386670461
9904063,1013009729
9922581,1801924741
9941240,1164436960
9964618,1134280779
9979764,1639395395
9986684,1841322104
9989053,1164436960
10009142,1285725051
10011450,1770542151
10014664,1841322104
10015043,1841322104
10016909,1205023512
10024522,1336186600
10025100,1770542151
10029275,1386670461
10034389,1831339902
10045349,1386670461
10049838,1891803318
10077883,1902916984
10080905,1164515003
10093556,1730231259
10103854,1285663682
10105799,1891803318
10116856,1972554228
10123767,1417008756
10127668,1386670461
10138075,1386670461
10153180,1053486704
10155472,1821037094
10157710,1336246487
10160991,1053360966
10166598,1336186600
10189006,1417008756
10190825,1972554228
10198546,1770542151
10208488,1164515003
10208663,1346207776
10213929,1639395395
10216395,1205023512
10225308,1639395395
10226472,1891803318
10229944,1104898634
10238298,1730231259
10239690,1770542151
10241620,1770542151
10243998,1922005321
10249402,1598714784
10259101,1285663682
10259483,1013009729
10259825,1053360966
10260991,1245210764
10263290,1285663682
10274825,1285725051
10278745,1245210764
10282377,1154471621
10294199,1285663682
10299887,1528088325
10305534,1164436960
10307115,1376550442
10315321,1033126651
10327100,1598714784
10328645,1053360966
10333473,1164515003
10337358,1497749089
10352459,1013009729
10354895,1053360966
10356543,1598714784
10366835,1982609723
10368202,1598714784
10376813,1013009729
10392900,1487629796
10393855,1225111933
10394864,1245210764
10397717,1417008756
10402883,1770542151
10414473,1417008756
10425511,1285663682
10433144,1770542151
10439420,1346207776
10458795,1285663682
10469206,1467474882
10479279,1467519124
10480996,1770542151
10492596,1215941349
10497002,1134280779
10504786,1053360966
10518631,1013009729
10519275,1285725051
10525156,1053360966
10528882,1972554228
10549136,1336186600
10552216,1982609723
10552584,1902916984
10554354,1053360966
10556487,1285663682
10559593,1467474882
10561519,1548441058
10569310,1184785354
10570273,1003892746
10572247,1417008756
10596488,1003892746
10609397,1336186600
10617812,1902916984
10619696,1184727745
10620343,1417008756
10621430,1598714784
10630049,1720101900
10648341,1902874456
10648604,1053486704
10652321,1902874456
10655364,1598714784
10655991,1881693109
10658982,1902916984
10661840,1841322104
10668000,1902874456
10677953,1245210764
10680708,1598714784
10685914,1598714784
10688793,1770542151
10691095,1982609723
10691934,1245210764
10700356,1891803318
10701148,1891803318
10720331,1770542151
10732555,1205023512
10733818,1972554228
10736918,1386670461
10743312,1730231259
10750137,1770542151
10761373,1003892746
10765037,1770542151
10772042,1164436960
10782608,1841322104
10807511,1497745905
10808608,1467474882
10813903,1396744892
10827044,1285725051
10850105,1376550442
10865289,1164515003
10874130,1730231259
10878500,1891803318
10878594,1164515003
10881126,1598714784
10881741,1164436960
10891287,1184727745
10905984,1881615268
10925068,1902916984
10930972,1104898634
10933753,1376550442
10948447,1841322104
10964634,1417008756
10965279,1770542151
10980916,1164436960
10981182,1770542151
10996379,1164515003
11000628,1154471621
11009362,1598714784
11009518,1770542151
11009805,1053360966
11017321,1164436960
11023623,1376550442
11023820,1376550442
11031006,1972554228
11036779,1598714784
11037606,1770542151
11049494,1598714784
11074755,1053360966
11074759,1598714784
11124148,1104898634
11127021,1891803318
11128491,1598714784
11141913,1770542151
11153269,1720101900
11164906,1376550442
11182377,1164436960
11187071,1346207776
11187246,1033126651
11189062,1841322104
11199224,1376550442
11199522,1376550442
11203460,1770542151
11210091,1417008756
11213033,1891803318
11216446,1831339902
11221005,1891803318
11235673,1164515003
11252719,1164515003
11257632,1902916984
11268533,1598714784
11274993,1891803318
11279709,1467474882
11282764,1285663682
11285258,1164436960
11292704,1891803318
11299153,1962594895
11301621,1770542151
11304047,1528088325
11305153,1598714784
11307203,1013009729
11309292,1598714784
11319164,1487889036
11340920,1376550442
11348738,1831339902
11349759,1346207776
11354913,1184785354
11363255,1013009729
11380841,1841322104
11384071,1770542151
11389417,1376550442
11395639,1154471621
11398004,1689605818
11420016,1386670461
11426609,1891803318
11439528,1134280779
11453545,1164436960
11481712,1598714784
11482894,1891803318
11485844,1770542151
11490562,1164436960
11493092,1841322104
11494335,1972543247
11520490,1285663682
11542781,1720101900
11547734,1770542151
11559604,1285663682
11567106,1417008756
11589929,1033126651
11613827,1285663682
11615139,1285663682
11621012,1346207776
11632941,1285663682
11653642,1417008756
11660191,1053360966
11661528,1841322104
11663679,1417008756
11675048,1891803318
11676101,1841322104
11685715,1487629796
11693292,1053486704
11698528,1891803318
11704067,1346207776
11711087,1982609723
11722597,1598714784
11724537,1902874456
11726034,1902916984
11731653,1013009729
11733903,1013009729
11738437,1013009729
11743056,1598714784
11752094,1497745905
11759468,1841322104
11785549,1598714784
11787046,1336186600
11791398,1013009729
11793874,1770542151
11796127,1689605818
11808087,1386670461
11816420,1346207776
11821564,1891803318
11822460,1467474882
11845116,1104898634
11853163,1285725051
11854994,1285663682
11855507,1346207776
11871553,1164515003
11877366,1336186600
11883730,1598714784
11887459,1376550442
11893723,1225111933
11895523,1164515003
11898480,1417008756
11902146,1386670461
11903124,1689605818
11907350,1841322104
11911132,1013009729
11912241,1285663682
11914360,1528088325
11927309,1417008756
11932108,1295705291
11932364,1487629796
11940626,1073511192
11946848,1770542151
11951210,1538237482
11952220,1285663682
11956903,1164515003
11959773,1497745905
11968119,1134280779
11984546,1346345071
11996479,1598714784
11998866,1104898634
11998935,1134280779
12000022,1053486704
12021735,1285663682
12021784,1053360966
12023835,1033126651
12028957,1487629796
12032631,1902874456
12037991,1346207776
12057045,1053486704
12066404,1417008756
12074990,1598714784
12075193,1538237482
12077800,1598714784
12082434,1164515003
12087241,1164515003
12093713,1386670461
12098627,1598714784
12116546,1902916984
12129511,1053360966
12135913,1891803318
12138426,1841322104
12144159,1730231259
12150806,1346207776
12181752,1003892746
12188832,1902916984
12189248,1104898634
12204415,1245210764
12206479,1770542151
12214812,1891803318
12215031,1841322104
12228047,1285663682
12228784,1417008756
12230425,1891803318
12233738,1306906854
12253235,1386670461
12259263,1891803318
12264060,1962594895
12267063,1134280779
12275264,1245210764
12277021,1306906854
12282924,1346207776
12286844,1831339902
12287636,1902916984
12288560,1285663682
12294930,1831284470
12299740,1013009729
12301435,1104898634
12304196,1245210764
12312413,1164436960
12313051,1396744892
12313894,1164436960
12315767,1679749188
12327596,1346207776
12335700,1376550442
12344339,1982609723
12354568,1538321047
12361167,1285725051
12361726,1417008756
12383154,1831339902
12393590,1417008756
12396211,1720101900
12397838,1285663682
12400846,1013009729
12408818,1598714784
12411893,1720101900
12417641,1598718520
12420084,1902916984
12424585,1730231259
12429999,1902916984
12435237,1831284470
12437898,1225146640
12453002,1003892746
12459459,1417008756
12485445,1891803318
12489337,1467474882
12522876,1104898634
12528019,1013009729
12541164,1386670461
12545191,1184727745
12545607,1417008756
12550389,1891803318
12557065,1336186600
12559582,1164515003
12571843,1306906854
12581871,1528088325
12586427,1891803318
12592887,1831339902
12593134,1487629796
12593697,1003892746
12596095,1396744892
12611377,1467474882
12630916,1013009729
12633800,1891803318
12636692,1053360966
12640403,1417008756
12671540,1295705291
12671553,1285663682
12677810,1528088325
12682163,1376550442
12691381,1336246487
12693845,1528088325
12694753,1003892746
12708287,1104898634
12709452,1639395395
12715402,1770542151
12731050,1346207776
12738289,1003892746
12738497,1346207776
12744826,1598718520
12763081,1922005321
12768501,1720101900
12771601,1376550442
12781070,1891803318
12782519,1285663682
12782862,1285663682
12796499,1598714784
12799225,1770542151
12801985,1235200775
12803221,1972554228
12808110,1770542151
12812873,1013009729
12815364,1841322104
12815996,1013009729
12817921,1841322104
12818262,1396744892
12832301,1467474882
12834790,1346207776
12835810,1487629796
12837479,1639395395
12838336,1770542151
12846807,1336186600
12850229,1598714784
12852709,1902916984
12858630,1528088325
12863610,1275773046
12868073,1891803318
12881474,1336246487
12901598,1881782373
12908007,1003892746
12927893,1386670461
12930298,1720101900
12941190,1982609723
12944456,1316073455
12960856,1336246487
12962237,1598714784
12964165,1205023512
12965883,1396744892
12968723,1972554228
12979372,1134280779
12997269,1598714784
13002366,1417008756
13011136,1245210764
13011476,1376550442
13015107,1487629796
13021112,1396744892
13021777,1053360966
13029396,1164436960
13031891,1891803318
13033110,1285663682
13033351,1013009729
13039424,1164436960
13048845,1770542151
13051647,1598718520
13061428,1164515003
13080638,1841322104
13083794,1538237482
13088910,1528088325
13091714,1235200775
13092053,1013009729
13092263,1336246487
13097219,1598714784
13099436,1003892746
13111163,1184727745
13116115,1598714784
13117865,1164436960
13122760,1285725051
13138721,1598714784
13149086,1053360966
13151103,1467519124
13153402,1982609723
13155519,1538237482
13161125,1891803318
13163954,1497745905
13174595,1386670461
13174688,1013009729
13183011,1346207776
13188663,1164436960
13189580,1891803318
13200669,1598714784
13207154,1316073455
13209739,1770542151
13211217,1730231259
13211518,1467519124
13214385,1235200775
13230870,1598714784
13247977,1093726556
13252789,1225111933
13268840,1336186600
13271413,1346207776
13295707,1285663682
13302625,1013009729
13303552,1902874456
13309640,1598718520
13313632,1598714784
13316131,1467474882
13322757,1538321047
13324301,1598714784
13329626,1538237482
13343980,1982609723
13345208,1770542151
13345244,1346207776
13350834,1164436960
13354302,1053360966
13363733,1841322104
13366394,1972554228
13370519,1285663682
13377371,1164436960
13378839,1972554228
13393601,1053360966
13395208,1245210764
13410276,1770542151
13414816,1346207776
13419098,1902916984
13430045,1417008756
13432055,1487629796
13435688,1164436960
13442431,1053360966
13446098,1134280779
13447170,1417008756
13453777,1013009729
13454986,1841322104
13458524,1598714784
13476948,1275773046
13502181,1386670461
13511379,1891803318
13519517,1164515003
13538163,1053360966
13553861,1841322104
13566095,1013009729
13567473,1982609723
13573512,1598718520
13574712,1104898634
13597050,1902874456
13607810,1053360966
13617138,1104898634
13623440,1598718520
13642349,1013009729
13661571,1053360966
13663741,1972554228
13668540,1770542151
13677451,1528088325
13682093,1134280779
13683460,1598714784
13687765,1841322104
13691407,1235200775
13698073,1528088325
13699802,1770542151
13702852,1902874456
13707873,1467519124
13712325,1164436960
13718429,1336186600
13729073,1285663682
13739697,1104898634
13753697,1891803318
13758986,1396744892
13769662,1528088325
13771418,1396744892
13773216,1164436960
13799771,1104898634
13804853,1528088325
13810643,1982609723
13819403,1245210764
13825588,1902874456
13827041,1598718520
13829015,1598718520
13829159,1013009729
13834132,1396744892
13839340,1487629796
13848328,1538237482
13859337,1013009729
13872709,1235200775
13894587,1730231259
13905096,1245210764
13909516,1982609723
13917465,1417008756
13940922,1598714784
13949802,1316073455
13954647,1164515003
13959287,1306906854
13961160,1245210764
13971176,1285663682
13989053,1053486704
14002429,1013009729
14015997,1053360966
14019776,1417008756
14021580,1104898634
14028704,1730231259
14041351,1164436960
14050003,1891803318
14059327,1902916984
14067452,1891803318
14072526,1720101900
14076089,1598714784
14076130,1902874456
14084914,1902916984
14086326,1013009729
14088963,1336246487
14094186,1497745905
14094723,1336186600
14100830,1164436960
14108628,1396744892
14111068,1770542151
14112190,1285663682
14114358,1346207776
14114698,1104898634
14115934,1841322104
14117046,1285725051
14131685,1346345071
14137390,1164515003
14137589,1336186600
14137752,1770542151
14152202,1386670461
14152430,1538237482
14153419,1598714784
14155777,1417008756
14169169,1770542151
14171102,1770542151
14172646,1053486704
14177994,1770542151
14183315,1336246487
14188548,1689605818
14190173,1376550442
14190964,1467519124
14199022,1396744892
14199610,1013009729
14209024,1164515003
14213175,1952395881
14215981,1598714784
14222190,1164436960
14228130,1336186600
14234176,1467474882
14240677,1598714784
14246875,1598714784
14248911,1538237482
14250056,1013226497
14263380,1902916984
14266894,1841322104
14272344,1598714784
14275998,1598714784
14284775,1770542151
14285580,1417008756
14286913,1386670461
14293290,1841322104
14303991,1013009729
14385402,1376550442
14391339,1417008756
14404934,1104898634
14406553,1720101900
14410212,1104898634
14414560,1316073455
14417028,1598714784
14418115,1841322104
14423261,1205023512
14423598,1285663682
14425519,1598714784
14432910,1245210764
14434998,1285663682
14439449,1164515003
14442965,1013009729
14443852,1598714784
14445563,1770542151
14454150,1891803318
14456246,1891803318
14456534,1245210764
14465155,1376550442
14479356,1497745905
14489116,1598718520
14489252,1346207776
14498909,1417008756
14501373,1205023512
14501396,1386670461
14508779,1003892746
14509308,1215941349
14513683,1053486704
14515164,1962594895
14515235,1598714784
14517438,1881615268
14525133,1598714784
14525272,1770542151
14525815,1386670461
14525816,1104898634
14565904,1013009729
14573224,1134280779
14579994,1467519124
14582608,1770542151
14585791,1053360966
14596396,1053360966
14602247,1689605818
14610749,1467474882
14612271,1770542151
14617347,1972554228
14618852,1720101900
14619298,1497745905
14620751,1548441058
14621626,1730231259
14627174,1902916984
14627456,1770542151
14628508,1164436960
14632829,1053360966
14634430,1285725051
14635783,1093726556
14640173,1891803318
14642706,1417008756
14645052,1962594895
14649273,1770542151
14652167,1770542151
14655729,1205023512
14656420,1467474882
14660359,1053360966
14675987,1346207776
14676581,1417008756
14678616,1891803318
14686333,1417008756
14687713,1306895578
14690636,1396744892
14692360,1598714784
14693774,1417008756
14701527,1205023512
14702282,1902916984
14713259,1891803318
14723927,1528088325
14729934,1891803318
14734989,1013009729
14742013,1598714784
14746073,1972554228
14749372,1033277322
14754876,1376550442
14756733,1891803318
14756948,1164436960
14764248,1013009729
14773014,1164436960
14774274,1033126651
14780211,1336246487
14791991,1235200775
14794169,1891803318
14804639,1891803318
14804963,1386670461
14807684,1164515003
14824736,1891803318
14826356,1902916984
14827192,1841322104
14828229,1164436960
14828596,1467519124
14832257,1972554228
14840948,1003892746
14842630,1386670461
14855239,1346207776
14857317,1972554228
14869476,1770542151
14872774,1053360966
14883992,1164436960
14890471,1336186600
14910250,1104898634
14922440,1841322104
14923145,1346207776
14932485,1770542151
14932889,1013009729
14935192,1235200775
14955691,1902916984
14962939,1396744892
14972329,1841322104
14973038,1891803318
14977385,1164436960
14978399,1184727745
14979370,1770542151
14982556,1417008756
14994314,1982609723
14997231,1245210764
14999782,1033126651
15006719,1497745905
15010449,1164436960
15010804,1336186600
15014694,1417008756
15017749,1881615268
15022469,1164515003
15026957,1831339902
15029442,1376550442
15030717,1467519124
15044647,1336186600
15050592,1730231259
15054793,1891803318
15059597,1841322104
15060467,1285663682
15071923,1164436960
15074922,1104898634
15079250,1013009729
15103305,1104898634
15104130,1467474882
15113548,1770542151
15120896,1316073455
15125029,1164515003
15126717,1093726556
15128612,1346207776
15130561,1235200775
15133990,1104898634
15135123,1891803318
15135544,1346207776
15142145,1770542151
15155951,1104898634
15160772,1417008756
15168914,1346207776
15170822,1417008756
15179206,1285725051
15185919,1467474882
15187297,1902916984
15198839,1487629796
15203387,1346207776
15209660,1164436960
15210797,1770542151
15221017,1104898634
15221130,1285663682
15223295,1720155419
15233518,1891803318
15259452,1164436960
15274309,1962594895
15276176,1386670461
15282160,1386670461
15289207,1831339902
15313396,1396744892
15323024,1417008756
15327355,1891803318
15340842,1316073455
15345517,1164436960
15348204,1285725051
15352394,1346207776
15355524,1053360966
15356756,1417008756
15381107,1487629796
15385834,1639395395
15387893,1033126651
15394047,1346207776
15396484,1336186600
15403949,1033126651
15410580,1598714784
15411596,1730231259
15415195,1134280779
15426103,1891803318
15435544,1972554228
15436602,1902916984
15448459,1770542151
15455846,1376550442
15462237,1467474882
15467601,1184727745
15474086,1164436960
15477443,1598714784
15478617,1053360966
15486054,1891803318
15486490,1598714784
15505538,1598718520
15513858,1285725051
15514459,1093726556
15521763,1891803318
15549131,1528088325
15553216,1285663682
15562351,1902916984
15568438,1881615268
15577724,1598714784
15584005,1386670461
15584450,1053360966
15594132,1285663682
15609311,1730231259
15609372,1386670461
15610524,1285663682
15615088,1528088325
15621193,1831339902
15622353,1386670461
15624328,1891803318
15625494,1336186600
15630781,1417008756
15631264,1386670461
15633308,1598718520
15654480,1285725051
15660739,1033126651
15664754,1285663682
15667399,1013009729
15667597,1285663682
15675288,1104898634
15678886,1598714784
15682986,1164515003
15684603,1497745905
15686422,1891803318
15696308,1972554228
15714909,1891803318
15726639,1245210764
15729422,1598714784
15734903,1598714784
15735319,1164515003
15741690,1164515003
15745988,1386670461
15753327,1386670461
15761581,1245210764
15762729,1346207776
15765155,1417008756
15775172,1467474882
15786442,1164515003
15793730,1598714784
15794740,1134280779
15799890,1598714784
15803891,1164436960
15807899,1598714784
15814342,1598714784
15814585,1841322104
15868912,1891803318
15872810,1386670461
15878409,1891803318
15886229,1306906854
15886798,1598714784
15890783,1245210764
15891642,1770542151
15898173,1164436960
15899134,1891803318
15902130,1881615268
15926142,1831339902
15933449,1528088325
15935416,1730231259
15941834,1770542151
15955365,1902874456
15961664,1285663682
15963740,1386670461
15968416,1982609723
15980395,1164515003
15983530,1003892746
15990474,1902916984
15997992,1770542151
15998071,1285725051
16000030,1831339902
16012289,1053360966
16032194,1528390259
16034578,1598714784
16034900,1164436960
16042874,1982609723
16044808,1770542151
16059909,1346207776
16070488,1013009729
16073934,1285663682
16075839,1104898634
16077928,1386670461
16079672,1891803318
16079682,1417008756
16093074,1598714784
16094780,1770542151
16099911,1205023512
16108631,1831339902
16109317,1285663682
16117343,1417008756
16130813,1982609723
16135944,1730231259
16143283,1164515003
16149009,1447327952
16155301,1598714784
16165377,1336186600
16165456,1184727745
16169261,1417008756
16174523,1235200775
16184536,1841322104
16198073,1417008756
16216788,1952395881
16219659,1235200775
16220144,1346207776
16222685,1720101900
16227319,1598718520
16248007,1841322104
16249993,1891803318
16253357,1730231259
16268244,1891803318
16274701,1598714784
16274734,1396744892
16289185,1417008756
16293014,1386670461
16312183,1336186600
16312917,1376550442
16313294,1922005321
16313371,1841322104
16316882,1528088325
16323711,1104898634
16331173,1487629796
16333210,1538237482
16340806,1295705291
16361769,1013009729
16374023,1982609723
16374813,1386670461
16376827,1891803318
16380735,1538237482
16388247,1598714784
16405199,1417008756
16405882,1316303563
16417731,1417008756
16419271,1346207776
16438738,1891803318
16447836,1417008756
16448081,1316303563
16448297,1598714784
16458242,1417008756
16464818,1902916984
16465846,1598714784
16471778,1982609723
16485726,1487629796
16488915,1528093184
16501605,1922005321
16505291,1417008756
16509653,1053360966
16515942,1215941349
16522602,1376550442
16524990,1417008756
16530548,1033126651
16533948,1386670461
16534007,1497745905
16535746,1497745905
16538958,1841322104
16547606,1316073455
16563320,1598714784
16574498,1285663682
16583045,1336186600
16589226,1104898634
16600345,1417008756
16615732,1053360966
16618861,1245210764
16620567,1154471621
16622773,1598714784
16628377,1053360966
16632628,1891803318
16633276,1497745905
16676773,1013009729
16691963,1053360966
16693887,1639395395
16701807,1720101900
16733548,1598714784
16733600,1902916984
16738244,1417008756
16738274,1285630186
16752701,1336246487
16757710,1972554228
16760867,1164515003
16770799,1336186600
16795841,1982609723
16796955,1013009729
16801936,1487629796
16802522,1881782373
16819922,1770542151
16820827,1730231259
16843069,1891803318
16846231,1053360966
16848548,1396744892
16849772,1104898634
16850555,1417008756
16854778,1891803318
16866528,1053360966
16867009,1487889036
16885146,1184727745
16885904,1093726556
16886213,1982609723
16891577,1417008756
16901754,1487629796
16910097,1902916984
16913214,1346207776
16913846,1184644122
16915946,1376550442
16922832,1164436960
16923092,1346207776
16934898,1003892746
16939215,1134280779
16944999,1285663682
16951233,1598714784
16954217,1346207776
16954586,1376550442
16963738,1902916984
16966030,1841322104
16970186,1104898634
16976820,1528088325
16981933,1417008756
16984879,1891803318
16990726,1285663682
16995918,1316073455
17001246,1396744892
17001737,1104898634
17002901,1598714784
17012220,1720101900
17038140,1366564122
17046537,1902916984
17050531,1598714784
17054274,1336186600
17062692,1013009729
17079117,1770542151
17086134,1245210764
17091600,1902916984
17093422,1386670461
17102757,1598714784
17107970,1902916984
17113537,1164515003
17119530,1598714784
17122632,1902916984
17128770,1104898634
17145699,1164515003
17162290,1770542151
17170454,1154734341
17178318,1720101900
17181776,1184785354
17186944,1346207776
17190720,1346207776
17191047,1013009729
17194803,1013009729
17201973,1013009729
17205631,1598714784
17237395,1013009729
17238999,1386670461
17240738,1982609723
17240768,1134280779
17249655,1467474882
17251030,1285663682
17253439,1770542151
17267657,1134280779
17267739,1497745905
17276451,1346207776
17277070,1285663682
17282213,1902916984
17309738,1104898634
17311403,1013009729
17315344,1598714784
17321487,1396744892
17332449,1053360966
17342651,1417008756
17358900,1417008756
17361520,1487629796
17368846,1902916984
17374367,1891803318
17381541,1417008756
17393011,1720101900
17394800,1285663682
17396449,1487629796
17397951,1891803318
17400690,1447327952
17406431,1770542151
17434831,1891803318
17442346,1841322104
17445309,1891803318
17448586,1053360966
17457537,1598718520
17460107,1770542151
17487042,1982609723
17494008,1336186600
17494876,1487629796
17497064,1164436960
17499811,1053360966
17500716,1598718520
17508077,1467474882
17511171,1770542151
17520040,1487629796
17525375,1972554228
17530259,1053360966
17540209,1386670461
17573999,1891803318
17585432,1902916984
17585560,1639395395
17590888,1215941349
17591458,1891803318
17606114,1972554228
17623151,1346207776
17645988,1417008756
17651968,1215941349
17653185,1386670461
17659822,1770542151
17671647,1538237482
17674801,1598714784
17683499,1487629796
17690085,1336186600
17692345,1598714784
17727641,1013009729
17738066,1740372358
17747974,1205023512
17755312,1104898634
17771121,1528088325
17787121,1467519124
17788261,1902916984
17796431,1336186600
17800298,1346207776
17801642,1417008756
17803312,1013009729
17813510,1013009729
17825191,1972554228
17834225,1396744892
17847150,1891803318
17856115,1346207776
17858858,1962594895
17861408,1841322104
17896733,1104898634
17898354,1770542151
17902606,1598714784
17902742,1598714784
17904150,1285725051
17908654,1285725051
17914210,1104898634
17917961,1245210764
17926780,1386670461
17930991,1104898634
17933070,1487889036
17933942,1497745905
17935231,1841322104
17938156,1164436960
17940454,1598718520
17941390,1881615268
17950549,1053360966
17952903,1841322104
17958549,1467474882
17972301,1164436960
17973113,1053360966
17974359,1346207776
17978112,1306895578
17984729,1376550442
17995232,1417008756
17998590,1467519124
18010793,1306906854
18011984,1134280779
18015601,1053360966
18020960,1962594895
18022313,1568400596
18026396,1053360966
18027558,1598714784
18039537,1962594895
18040276,1013009729
18047912,1598714784
18048295,1598714784
18049063,1285663682
18052732,1386670461
18057036,1306867742
18059687,1285725051
18065968,1891803318
18067736,1134280779
18078281,1215941349
18103902,1598718520
18109150,1053360966
18114011,1639395395
18118794,1013009729
18129043,1154471621
18136980,1104898634
18152720,1104898634
18180813,1447327952
18182745,1528088325
18186100,1598714784
18206345,1982609723
18216806,1891803318
18230642,1285725051
18232858,1902916984
18240641,1841322104
18243962,1639395395
18257210,1396744892
18270126,1346207776
18292044,1417008756
18304439,1902916984
18314965,1104898634
18320025,1013009729
18325263,1770542151
18327463,1164436960
18329583,1598718520
18363070,1902916984
18363584,1164436960
18365672,1164436960
18366157,1972554228
18375759,1245210764
18392351,1104898634
18393009,1528093184
18409412,1528390259
18422583,1841322104
18423294,1891803318
18424185,1053360966
18427172,1770542151
18429521,1164515003
18432507,1902874456
18433778,1164515003
18436565,1902916984
18444373,1891798153
18445010,1053486704
18448664,1376550442
18453805,1396744892
18455752,1346207776
18458132,1841322104
18463981,1841322104
18464478,1770542151
18465743,1902916984
18472413,1417008756
18488133,1346207776
18492709,1306906854
18492962,1598714784
18496490,1386670461
18501257,1134280779
18502342,1336246487
18504662,1598714784
18512664,1538237482
18527471,1104898634
18535345,1972554228
18540599,1285630186
18544871,1467474882
18549460,1164436960
18551794,1164436960
18574382,1902916984
18578053,1336186600
18582519,1891803318
18598543,1891803318
18601667,1316073455
18614238,1285725051
18616254,1386670461
18620377,1770542151
18625732,1376550442
18634740,1134280779
18637351,1104898634
18638938,1295705291
18649353,1235200775
18649687,1982609723
18654560,1982609723
18657056,1053486704
18683721,1902916984
18689423,1164436960
18692456,1346207776
18692531,1285663682
18702905,1538237482
18714136,1396744892
18714999,1770542151
18715876,1396744892
18731472,1104898634
18733309,1730231259
18739951,1598714784
18743846,1598714784
18744128,1285663682
18745603,1538237482
18759554,1487889036
18771109,1013009729
18778634,1285725051
18779870,1104898634
18796915,1164436960
18799877,1346207776
18801548,1003892746
18801825,1215941349
18804360,1417008756
18808636,1720101900
18814128,1417008756
18816173,1720101900
18816474,1831339902
18818695,1417008756
18822008,1184727745
18837324,1891803318
18837713,1164436960
18839549,1841322104
18841815,1053417345
18849125,1891803318
18851798,1053486704
18853698,1902916984
18854091,1528088325
18860389,1417008756
18860660,1336186600
18861577,1285725051
18862913,1881615268
18873194,1598714784
18874718,1417008756
18876552,1497745905
18880822,1285663682
18886374,1396744892
18887456,1841322104
18890689,1346207776
18896054,1316073455
18907894,1396744892
18919262,1386670461
18932792,1164436960
18939223,1639395395
18941881,1467474882
18963433,1770542151
18982714,1720101900
18983568,1972554228
18990019,1598718520
18994627,1891803318
19010644,1902916984
19015388,1972554228
19016341,1598714784
19021472,1164515003
19034745,1053486704
19035444,1053486704
19061035,1164515003
19061375,1790785277
19069746,1831339902
19073102,1902916984
19088553,1285725051
19088573,1467519124
19097055,1598714784
19101211,1841322104
19114990,1639395395
19130730,1417008756
19137033,1841322104
19137765,1467519124
19144461,1902916984
19150297,1336186600
19158788,1841322104
19163691,1104898634
19176962,1881782373
19177228,1891803318
19180863,1306867742
19184592,1598714784
19186675,1972554228
19189642,1164436960
19193436,1417008756
19194146,1285725051
19226674,1346345071
19232196,1245210764
19240079,1982609723
19250956,1831339902
19260684,1598714784
19265633,1639395395
19272820,1285663682
19279035,1598714784
19281711,1891803318
19286679,1053360966
19292480,1598718520
19294330,1053360966
19295457,1346207776
19298137,1164436960
19306258,1245210764
19313351,1134280779
19323398,1134280779
19324190,1053360966
19329879,1528088325
19342912,1104898634
19345292,1417008756
19360168,1831339902
19360811,1013226497
19368797,1316073455
19377674,1003892746
19382244,1598718520
19389638,1639395395
19400872,1164515003
19409866,1316073455
19418929,1053486704
19419559,1972554228
19424630,1891803318
19433076,1396744892
19434866,1770542151
19441068,1134280779
19446395,1467519124
19461090,1164515003
19464823,1285663682
19468766,1386670461
19469791,1982609723
19474692,1164436960
19481259,1336186600
19482534,1285725051
19483828,1902916984
19487291,1962594895
19495922,1013009729
19499611,1770542151
19503222,1891803318
19503944,1902916984
19512825,1013009729
19522784,1841322104
19547071,1285663682
19552578,1053486704
19554754,1417008756
19555082,1285725051
19559756,1164436960
19578944,1386670461
19582422,1164515003
19594475,1891803318
19596199,1528088325
19596879,1003892746
19600713,1467519124
19601225,1376550442
19622912,1497745905
19625063,1891803318
19628430,1336186600
19644748,1346207776
19667540,1841322104
19670776,1467519124
19672029,1417008756
19678191,1013009729
19683767,1770542151
19707012,1841322104
19707482,1376550442
19722767,1316303563
19734152,1346207776
19746320,1538237482
19753036,1164515003
19756119,1770542151
19757978,1053486704
19773289,1336246487
19773973,1922005321
19777218,1841322104
19784928,1104898634
19784980,1902916984
19789203,1336246487
19789525,1528088325
19790591,1003892746
19790621,1003892746
19800929,1164436960
19805487,1528088325
19811027,1902916984
19818277,1184785354
19826557,1346207776
19828674,1205023512
19834255,1417008756
19836478,1134280779
19837079,1730231259
19837185,1982609723
19837256,1487889036
19839341,1003892746
19843826,1376550442
19844213,1497745905
19844442,1598714784
19852522,1982609723
19857340,1467474882
19882798,1104898634
19883511,1184727745
19886157,1386670461
19890141,1316073455
19890710,1891803318
19912392,1053360966
19920122,1285725051
19927330,1134280779
19941057,1013009729
19943897,1467474882
19957035,1053360966
19960943,1336246487
19961230,1598714784
19962028,1598714784
19962784,1730231259
19965362,1730231259
19968773,1770542151
19972735,1346207776
19974066,1598714784
19975966,1972554228
20000633,1972554228
20010170,1245210764
20012751,1164436960
20019604,1396744892
20020626,1336186600
20022192,1346207776
20024112,1235200775
20033838,1386670461
20041038,1063575561
20044493,1336186600
20045949,1972554228
20060874,1376550442
20066249,1598714784
20072529,1891803318
20074316,1053360966
20092579,1548441058
20104315,1730231259
20106931,1053360966
20109059,1891803318
20131221,1376550442
20134273,1770542151
20142038,1447327952
20148878,1538237482
20154907,1134280779
20162790,1972554228
20171883,1598714784
20174908,1770542151
20178657,1053360966
20187083,1598714784
20206109,1154471621
20208194,1598714784
20209973,1396744892
20210642,1053360966
20210893,1396744892
20211237,1891803318
20224843,1417008756
20236865,1417008756
20246849,1467474882
20261313,1417008756
20263267,1073511192
20273255,1376550442
20281646,1104898634
20292786,1487629796
20301428,1104898634
20303016,1346207776
20307281,1104898634
20312258,1104898634
20323871,1841322104
20337836,1891803318
20359731,1598714784
20360388,1386670461
20365203,1598714784
20365963,1417008756
20367676,1770542151
20368729,1902916984
20402087,1770542151
20407139,1770542151
20417611,1720101900
20423509,1104898634
20436950,1770542151
20444199,1770542151
20447812,1730231259
20478140,1598714784
20478530,1902916984
20494275,1962594895
20514710,1396744892
20521622,1730231259
20524049,1164436960
20539977,1891803318
20548440,1003892746
20558691,1285663682
20559376,1598714784
20567179,1386670461
20567623,1972554228
20567656,1770542151
20574246,1417008756
20574770,1285725051
20575332,1598714784
20580288,1386670461
20594092,1962594895
20597060,1598714784
20600301,1164515003
20609285,1013009729
20610555,1841322104
20614323,1972554228
20632405,1285663682
20634055,1033126651
20643492,1235200775
20645156,1013009729
20660152,1013009729
20665632,1104898634
20673952,1972554228
20687848,1962594895
20693639,1245210764
20695509,1417008756
20696810,1134280779
20696819,1285663682
20698473,1164515003
20701947,1598714784
20706983,1730231259
20717922,1053360966
20718323,1013009729
20726973,1598714784
20735026,1104898634
20741291,1902916984
20744943,1184727745
20756934,1285663682
20768489,1306867742
20772364,1346345071
20777556,1982609723
20786022,1902916984
20788031,1770542151
20792035,1730231259
20809615,1336186600
20810309,1730231259
20811099,1598714784
20822962,1104898634
20833120,1891803318
20850826,1598110710
20853778,1346207776
20861454,1033126651
20862911,1346345071
20868494,1164436960
20870730,1528088325
20878973,1831339902
20880532,1891803318
20880929,1134280779
20890943,1104898634
20895124,1417008756
20899889,1922005321
20912414,1235200775
20916277,1891803318
20921097,1891803318
20924517,1972554228
20932715,1053360966
20943020,1598714784
20948315,1770542151
20951607,1003892746
20953505,1598714784
20955424,1538237482
20960567,1104898634
20968830,1396744892
20969584,1053360966
20970267,1770542151
20975960,1134280779
20976085,1881615268
20993816,1598718520
20996159,1972554228
21010618,1336186600
21017655,1346207776
21030493,1396744892
21047150,1467474882
21055292,1902916984
21057510,1093726556
21070857,1134280779
21080489,1386670461
21091670,1598714784
21096372,1841322104
21097027,1346207776
21101943,1770542151
21107504,1467519124
21109288,1033126651
21110820,1013009729
21120532,1417008756
21126846,1770542151
21131945,1417008756
21141300,1134280779
21151581,1598714784
21159389,1316073455
21165262,1417008756
21165571,1972554228
21178246,1417008756
21189591,1598714784
21193162,1134280779
21194916,1598714784
21197839,1336186600
21202273,1013226497
21216158,1902916984
21223869,1598714784
21224103,1841322104
21230070,1902916984
21233300,1386670461
21238570,1891803318
21249071,1720101900
21253210,1205806163
21265051,1336186600
21270642,1891803318
21273221,1134280779
21274661,1053360966
21287948,1003892746
21292597,1386670461
21292624,1164515003
21308439,1013009729
21309608,1336186600
21310284,1720155419
21316315,1467474882
21321935,1467474882
21334562,1396744892
21334889,1598718520
21338687,1598714784
21370639,1396744892
21383909,1205023512
21388330,1891803318
21388822,1891803318
21406119,1336186600
21408925,1316073455
21420551,1639395395
21421078,1013009729
21423399,1598714784
21427773,1841322104
21433457,1003892746
21435002,1538237482
21438903,1487629796
21449747,1972554228
21456447,1831339902
21465503,1770542151
21474378,1598714784
21487622,1396744892
21498509,1336186600
21509510,1841322104
21530132,1528390259
21539133,1598714784
21539640,1598714784
21540623,1598718520
21553656,1003892746
21554023,1104898634
21568369,1598714784
21584411,1417008756
21596959,1902916984
21597645,1306906854
21599507,1417008756
21608924,1902874456
21616219,1841322104
21625290,1902916984
21630240,1720101900
21632603,1164515003
21637339,1184785354
21640736,1467474882
21643094,1386670461
21645974,1598718520
21651394,1538237482
21656406,1205023512
21659669,1013009729
21670484,1487629796
21676200,1053360966
21684297,1053360966
21689495,1013009729
21691488,1720101900
21696948,1417008756
21717853,1104898634
21734142,1104898634
21738271,1053486704
21739839,1295705291
21741510,1316073455
21748914,1205023512
21750870,1336186600
21751727,1467519124
21754056,1336186600
21754111,1033126651
21754484,1053360966
21769125,1013009729
21774541,1154734341
21785897,1164515003
21791934,1720101900
21793192,1902916984
21794005,1598718520
21795119,1285663682
21798113,1902916984
21804705,1245210764
21815897,1639395395
21817464,1891803318
21819521,1396744892
21852717,1598714784
21854777,1396744892
21863116,1285725051
21871844,1013009729
21883335,1487889036
21885156,1285725051
21900330,1053360966
21921193,1376550442
21922420,1164436960
21928461,1962594895
21932610,1134401136
21938976,1154734341
21939355,1346207776
21939457,1104898634
21951691,1013009729
21953191,1730231259
21953282,1538237482
21959113,1336186600
21960823,1770542151
21963525,1598714784
21967707,1205023512
21974996,1891803318
21978288,1891803318
21982416,1639395395
22004179,1598714784
22009866,1487889036
22010385,1225111933
22013876,1598714784
22019049,1841322104
22021648,1104898634
22027780,1982609723
22032251,1164515003
22035310,1376550442
22036432,1336186600
22039128,1053360966
22041160,1982609723
22045188,1164436960
22052825,1770542151
22055388,1184727745
22065591,1003892746
22070114,1598714784
22070866,1902916984
22080081,1598714784
22081083,1134280779
22081379,1164515003
22082426,1417008756
22082461,1215941349
22083204,1164436960
22088520,1770542151
22090313,1417008756
22094458,1891803318
22100711,1902916984
22103398,1598714784
22111641,1013009729
22126784,1841322104
22127440,1346207776
22133262,1164436960
22134123,1104898634
22136169,1639395395
22138895,1902874456
22139203,1417008756
22139840,1164436960
22143093,1013009729
22145826,1639395395
22153831,1033126651
22155774,1053360966
22158824,1164436960
22186365,1770542151
22190352,1346207776
22200477,1891803318
22201799,1164436960
22204116,1285663682
22207073,1902916984
22209074,1336186600
22217930,1134280779
22232940,1285663682
22235210,1396744892
22254890,1336186600
22257049,1538237482
22258310,1336186600
22260334,1598714784
22260819,1164436960
22262820,1013009729
22266222,1346207776
22270880,1346207776
22298484,1336246487
22304774,1053360966
22305358,1891803318
22309413,1033126651
22338402,1003892746
22356299,1598714784
22373492,1598718520
22374214,1538321047
22374802,1245210764
22375483,1467519124
22377996,1467519124
22380113,1285725051
22391324,1134280779
22392612,1902874456
22393575,1972554228
22394613,1285663682
22403262,1902916984
22403521,1306906854
22406331,1902916984
22413873,1164515003
22414801,1134280779
22420590,1598714784
22426056,1598714784
22447377,1306906854
22448045,1598714784
22454009,1164515003
22467147,1962594895
22473505,1770542151
22474879,1417008756
22480743,1316073455
22484094,1396744892
22519433,1417008756
22530994,1598718520
22534410,1164436960
22538913,1013226497
22545466,1053360966
22547198,1598714784
22548585,1417008756
22558888,1891803318
22560487,1417008756
22560505,1164436960
22565120,1295705291
22594823,1164515003
22600617,1891803318
22609802,1285725051
22611884,1417008756
22617349,1598714784
22635777,1598714784
22640282,1902916984
22640742,1104898634
22647662,1598714784
22650826,1598714784
22654825,1831339902
22661120,1770542151
22663695,1902916984
22666829,1164515003
22678394,1104898634
22678871,1841322104
22683312,1285663682
22687306,1164515003
22690403,1598718520
22690521,1841322104
22695064,1104898634
22695270,1902916984
22700266,1245210764
22701129,1215941349
22706841,1164515003
22713538,1184785354
22718510,1982609723
22725650,1598714784
22748770,1013009729
22760436,1336186600
22761689,1417008756
22768403,1891803318
22769038,1053360966
22774417,1730231259
22776173,1376550442
22776976,1013009729
22780256,1164436960
22780695,1003892746
22788152,1417008756
22789630,1336186600
22795914,1528088325
22811859,1902916984
22815388,1336246487
22824323,1467474882
22832531,1417008756
22835221,1417008756
22839418,1770542151
22841533,1598718520
22870907,1598714784
22885708,1891803318
22888313,1013009729
22899604,1396744892
22909221,1982609723
22911138,1104898634
22914940,1336186600
22918811,1417008756
22919351,1730231259
22926938,1285663682
22937024,1346207776
22938242,1336186600
22951630,1417008756
22969157,1013009729
22970629,1376550442
22971839,1972554228
22975490,1720101900
22977553,1104898634
22979981,1891803318
22991095,1598714784
22993080,1598718520
22998191,1104898634
23008071,1053360966
23008804,1285725051
23022918,1891803318
23024622,1013009729
23026385,1346207776
23030588,1639395395
23037413,1598714784
23057394,1053360966
23065278,1134280779
23087030,1841322104
23094882,1417008756
23097226,1104898634
23097847,1891803318
23112627,1598714784
23114871,1184785354
23117444,1003892746
23124525,1952395881
23133262,1891803318
23136442,1770542151
23136826,1922005321
23145344,1053360966
23146078,1972554228
23146911,1285725051
23158801,1386670461
23159531,1386670461
23166996,1730231259
23173959,1013999002
23174912,1336186600
23177874,1285725051
23204131,1134280779
23214201,1891798153
23215675,1841322104
23215822,1770542151
23218718,1376550442
23222176,1013009729
23224060,1902916984
23234744,1285663682
23235825,1053360966
23236840,1013009729
23238168,1891803318
23258404,1598714784
23258918,1467519124
23262996,1497745905
23263804,1538237482
23266547,1013999002
23266559,1053360966
23268182,1891803318
23288897,1215941349
23302745,1962594895
23304646,1285663682
23305677,1245210764
23308613,1467474882
23316623,1346207776
23317498,1396744892
23321947,1538237482
23323231,1831339902
23327705,1891803318
23330500,1215941349
23333635,1598718520
23333655,1770542151
23334138,1538237482
23352429,1376550442
23356498,1013012350
23366116,1164515003
23370833,1013009729
23375786,1164515003
23392519,1902916984
23399331,1770542151
23407673,1417008756
23409865,1245210764
23430634,1972554228
23432356,1639395395
23439516,1386670461
23442660,1104898634
23443721,1538237482
23446021,1417008756
23447204,1417008756
23447750,1598714784
23456591,1528088325
23463984,1891803318
23473022,1417008756
23489702,1831339902
23493719,1891803318
23498350,1598714784
23500472,1528088325
23522092,1417008756
23540984,1487629796
23549664,1336246487
23559021,1336246487
23566413,1396744892
23566671,1346345071
23567927,1902916984
23583015,1891803318
23585795,1598714784
23588248,1164515003
23592209,1972554228
23604815,1467519124
23620161,1730231259
23624396,1164436960
23635273,1184727745
23636304,1346207776
23642951,1164436960
23657920,1053360966
23662137,1073511192
23663031,1538237482
23672002,1730231259
23686226,1417008756
23687130,1013009729
23690902,1467474882
23694313,1821037094
23694364,1164436960
23696419,1417008756
23709648,1164515003
23714034,1053360966
23718579,1598714784
23723265,1417008756
23725089,1639395395
23741316,1417008756
23748296,1235200775
23755522,1417008756
23760657,1285663682
23764317,1164436960
23765226,1164436960
23772632,1841322104
23773019,1902916984
23776378,1003892746
23791103,1841322104
23797623,1235200775
23801386,1053360966
23815846,1285725051
23821888,1285663682
23826440,1346207776
23836346,1164515003
23842235,1346207776
23847782,1538237482
23851247,1770542151
23851607,1285663682
23863352,1285663682
23869006,1598718520
23873322,1770542151
23875612,1902874456
23879491,1396744892
23883905,1598714784
23884277,1972554228
23895921,1013009729
23897733,1417008756
23902062,1164515003
23906272,1598714784
23908607,1134280779
23910297,1245210764
23922867,1134280779
23926722,1336186600
23938121,1417008756
23944040,1336186600
23944602,1285663682
23946552,1902874456
23948144,1639395395
23948804,1689605818
23951051,1417008756
23963316,1902916984
23964359,1891803318
23984124,1891803318
23988293,1417008756
23988711,1528093184
23994956,1346207776
24004933,1598714784
24010039,1346207776
24014224,1417008756
24019373,1134280779
24021317,1770542151
24021946,1245210764
24025068,1902916984
24033186,1497745905
24034932,1245210764
24057767,1891803318
24059556,1841322104
24064875,1053360966
24066479,1841322104
24069394,1306867742
24083205,1053360966
24084672,1245210764
24085779,1841322104
24094846,1902916984
24095764,1770542151
24096576,1497745905
24102334,1003892746
24103297,1831339902
24108952,1396744892
24110516,1902874456
24112279,1285663682
24113542,1962594895
24125005,1972554228
24127788,1285663682
24134371,1346207776
24141540,1134280779
24142861,1891803318
24151119,1104898634
24155015,1902874456
24159242,1275773046
24159456,1336186600
24165532,1245210764
24183554,1598714784
24205742,1285663682
24208515,1134280779
24212352,1487629796
24213563,1164515003
24230323,1417008756
24234286,1164436960
24237731,1841322104
24252907,1841322104
24272504,1134280779
24290205,1598714784
24290240,1467474882
24297619,1346207776
24310809,1164436960
24311837,1386670461
24316464,1902916984
24325780,1164436960
24330622,1184727745
24331917,1285725051
24334064,1598714784
24341165,1831339902
24342599,1548441058
24346773,1598714784
24351828,1053360966
24352536,1134280779
24353884,1053360966
24356456,1336186600
24359398,1386670461
24361403,1891803318
24364821,1982609723
24372611,1336186600
24380100,1164436960
24383685,1467519124
24401821,1013009729
24403039,1346207776
24411093,1417008756
24411161,1285663682
24413455,1891803318
24416295,1134280779
24432360,1376550442
24438181,1598714784
24456193,1316073455
24463608,1285725051
24467447,1982609723
24470213,1255452454
24471999,1487629796
24473253,1336186600
24485998,1386670461
24489178,1982609723
24491780,1891803318
24492694,1396744892
24499962,1598714784
24514732,1285663682
24515252,1538237482
24516390,1902916984
24516989,1376550442
24518523,1285663682
24518754,1467474882
24519853,1164436960
24527442,1003892746
24528757,1902916984
24531645,1821037094
24545195,1417008756
24547711,1346207776
24547911,1417008756
24550492,1164436960
24554458,1053360966
24555400,1164436960
24556110,1013009729
24557979,1902874456
24592886,1336246487
24624551,1386670461
24632299,1417008756
24633270,1891803318
24639131,1891803318
24640839,1225111933
24640873,1891803318
24641766,1164515003
24657683,1417008756
24670827,1396744892
24695119,1841322104
24695757,1053360966
24707030,1902916984
24707574,1164436960
24710671,1053486704
24723077,1245210764
24729484,1336246487
24732052,1598718520
24737506,1467519124
24742979,1598714784
24749565,1285663682
24767025,1164515003
24783174,1467474882
24790338,1164515003
24793611,1598714784
24794918,1598714784
24795062,1639395395
24795768,1598714784
24800912,1336186600
24807570,1164436960
24819798,1346207776
24825666,1598714784
24829719,1639395395
24837041,1003892746
24841225,1285663682
24851236,1164515003
24859230,1336186600
24859702,1386670461
24865521,1720101900
24867115,1831339902
24880220,1730231259
24890659,1902916984
24902044,1013009729
24912236,1598714784
24925700,1285663682
24935567,1467474882
24948761,1487629796
24953331,1285725051
24955445,1164436960
24960856,1164436960
24965594,1598714784
24966688,1013009729
24969104,1336186600
24971771,1467474882
24973639,1386670461
24993469,1164515003
25000535,1386670461
25003242,1902916984
25016010,1285663682
25020847,1982609723
25021375,1164436960
25021841,1972554228
25022464,1053360966
25025295,1285663682
25029838,1770542151
25033958,1902916984
25037401,1366564122
25048558,1598714784
25050495,1548441058
25053606,1467474882
25077584,1891803318
25078561,1104898634
25082697,1962594895
25086899,1841322104
25087712,1679749188
25088340,1902916984
25093170,1770542151
25093972,1598714784
25097456,1003892746
25100380,1467519124
25110333,1902916984
25113478,1598714784
25124990,1841322104
25128773,1184727745
25143010,1417008756
25143158,1164436960
25145893,1053360966
25154905,1104898634
25156824,1467474882
25164303,1285725051
25168488,1417008756
25179598,1598714784
25186211,1891803318
25194328,1053360966
25204615,1881615268
25206507,1013009729
25208224,1598714784
